자치구,안심 주소,위도,경도,범죄 유형,수정 일시
관악구,서울시 관악구 주차장 인근,37.471339,126.954710,재물손괴,2025-09-17
동작구,서울시 동작구 주차장 인근,37.509642,126.951896,성범죄,2025-02-19
양천구,서울시 양천구 주차장 인근,37.508901,126.854377,절도,2025-06-20
금천구,서울시 금천구 교차로 인근,37.442437,126.886375,폭행,2025-08-21
관악구,서울시 관악구 지하보도 인근,37.482050,126.956688,폭행,2025-01-02
종로구,서울시 종로구 공원 입구 인근,37.568834,126.986870,절도,2025-01-01
마포구,서울시 마포구 주차장 인근,37.575528,126.891531,재물손괴,2025-10-29
강동구,서울시 강동구 교차로 인근,37.535727,127.111008,성범죄,2025-11-02
은평구,서울시 은평구 골목길 인근,37.610489,126.942646,재물손괴,2025-03-17
영등포구,서울시 영등포구 지하보도 인근,37.513151,126.884064,주거침입,2025-11-20
영등포구,서울시 영등포구 이면도로 인근,37.513046,126.896477,폭행,2025-05-31
강서구,서울시 강서구 이면도로 인근,37.557107,126.862921,주거침입,2025-05-12
강동구,서울시 강동구 공원 입구 인근,37.528223,127.114961,성범죄,2025-07-08
금천구,서울시 금천구 공원 입구 인근,37.442675,126.887074,주거침입,2025-05-12
서초구,서울시 서초구 이면도로 인근,37.483240,127.037117,소란,2025-06-02
강서구,서울시 강서구 상가 뒷편 인근,37.561003,126.841918,소란,2025-06-12
송파구,서울시 송파구 이면도로 인근,37.508841,127.100953,절도,2025-03-06
성북구,서울시 성북구 골목길 인근,37.580084,127.020538,소란,2025-07-29
강북구,서울시 강북구 지하보도 인근,37.632720,127.037243,성범죄,2025-09-03
종로구,서울시 종로구 지하보도 인근,37.561482,126.966819,소란,2025-11-16
강남구,서울시 강남구 공원 입구 인근,37.508482,127.061744,소란,2025-09-18
성동구,서울시 성동구 주차장 인근,37.565208,127.047524,성범죄,2025-11-12
서초구,서울시 서초구 교차로 인근,37.494239,127.034566,폭행,2025-04-11
강동구,서울시 강동구 지하보도 인근,37.532289,127.132289,주거침입,2025-02-17
성북구,서울시 성북구 이면도로 인근,37.581982,127.013593,소란,2024-12-25
강남구,서울시 강남구 공원 입구 인근,37.510184,127.043326,주거침입,2025-10-05
성북구,서울시 성북구 공원 입구 인근,37.600802,127.004925,폭행,2025-09-07
관악구,서울시 관악구 이면도로 인근,37.480731,126.963951,주거침입,2025-08-14
강남구,서울시 강남구 상가 뒷편 인근,37.503643,127.051478,성범죄,2025-04-14
광진구,서울시 광진구 이면도로 인근,37.528880,127.094999,소란,2025-09-20
서초구,서울시 서초구 지하보도 인근,37.481380,127.026212,재물손괴,2025-04-03
마포구,서울시 마포구 골목길 인근,37.555463,126.900506,성범죄,2025-05-08
성북구,서울시 성북구 골목길 인근,37.583923,127.015296,소란,2025-10-27
성북구,서울시 성북구 지하보도 인근,37.596729,127.025193,주거침입,2025-11-22
은평구,서울시 은평구 공원 입구 인근,37.595119,126.924755,주거침입,2024-12-01
도봉구,서울시 도봉구 이면도로 인근,37.669482,127.057600,소란,2025-04-13
노원구,서울시 노원구 지하보도 인근,37.644818,127.069476,폭행,2025-05-12
도봉구,서울시 도봉구 공원 입구 인근,37.659507,127.048157,소란,2025-06-07
성동구,서울시 성동구 공원 입구 인근,37.571390,127.033682,재물손괴,2025-05-04
마포구,서울시 마포구 상가 뒷편 인근,37.554425,126.913802,재물손괴,2025-08-20
동대문구,서울시 동대문구 주차장 인근,37.580377,127.037947,성범죄,2025-08-29
용산구,서울시 용산구 교차로 인근,37.530834,126.975979,주거침입,2025-04-12
강남구,서울시 강남구 지하보도 인근,37.527206,127.033425,재물손괴,2025-08-05
성북구,서울시 성북구 공원 입구 인근,37.581663,127.026935,폭행,2025-06-06
노원구,서울시 노원구 주차장 인근,37.639398,127.065479,성범죄,2025-02-13
양천구,서울시 양천구 공원 입구 인근,37.529090,126.851811,소란,2025-01-29
동대문구,서울시 동대문구 교차로 인근,37.563862,127.030184,성범죄,2025-05-30
강남구,서울시 강남구 교차로 인근,37.528845,127.032759,주거침입,2025-05-15
동대문구,서울시 동대문구 주차장 인근,37.568849,127.044271,소란,2025-03-10
도봉구,서울시 도봉구 이면도로 인근,37.672834,127.058047,절도,2024-12-05
서대문구,서울시 서대문구 공원 입구 인근,37.574248,126.944636,재물손괴,2025-11-20
은평구,서울시 은평구 주차장 인근,37.600115,126.922109,주거침입,2025-04-30
금천구,서울시 금천구 이면도로 인근,37.460778,126.891022,성범죄,2025-02-27
서초구,서울시 서초구 공원 입구 인근,37.490108,127.030717,재물손괴,2025-06-22
서대문구,서울시 서대문구 교차로 인근,37.586635,126.922874,성범죄,2024-12-19
강서구,서울시 강서구 골목길 인근,37.538674,126.849389,소란,2025-01-25
금천구,서울시 금천구 주차장 인근,37.456058,126.886017,성범죄,2024-12-31
영등포구,서울시 영등포구 골목길 인근,37.534868,126.881906,소란,2024-12-16
금천구,서울시 금천구 이면도로 인근,37.451923,126.909180,성범죄,2025-07-15
영등포구,서울시 영등포구 골목길 인근,37.520239,126.883506,재물손괴,2025-01-09
광진구,서울시 광진구 교차로 인근,37.546078,127.083652,재물손괴,2025-06-30
도봉구,서울시 도봉구 주차장 인근,37.675073,127.058971,소란,2024-12-17
성동구,서울시 성동구 교차로 인근,37.574144,127.047001,주거침입,2025-01-13
영등포구,서울시 영등포구 지하보도 인근,37.514292,126.898867,절도,2025-09-25
동대문구,서울시 동대문구 교차로 인근,37.584481,127.035669,소란,2025-02-25
종로구,서울시 종로구 지하보도 인근,37.574566,126.989473,재물손괴,2025-08-07
관악구,서울시 관악구 지하보도 인근,37.480722,126.963243,주거침입,2025-04-22
강남구,서울시 강남구 골목길 인근,37.517776,127.052497,주거침입,2025-01-08
영등포구,서울시 영등포구 이면도로 인근,37.529726,126.890941,폭행,2025-02-12
중구,서울시 중구 교차로 인근,37.572336,127.003199,주거침입,2025-05-07
성동구,서울시 성동구 상가 뒷편 인근,37.566203,127.042237,소란,2025-11-23
중랑구,서울시 중랑구 공원 입구 인근,37.602434,127.084872,폭행,2025-03-07
관악구,서울시 관악구 교차로 인근,37.471356,126.945704,폭행,2025-04-22
금천구,서울시 금천구 교차로 인근,37.462839,126.899356,소란,2025-02-26
금천구,서울시 금천구 이면도로 인근,37.451916,126.898609,절도,2025-07-03
마포구,서울시 마포구 이면도로 인근,37.572004,126.891087,성범죄,2025-05-07
강동구,서울시 강동구 지하보도 인근,37.541025,127.129118,주거침입,2025-05-27
송파구,서울시 송파구 골목길 인근,37.507025,127.105715,주거침입,2025-02-11
동대문구,서울시 동대문구 공원 입구 인근,37.578173,127.043232,재물손괴,2025-01-04
서대문구,서울시 서대문구 주차장 인근,37.578272,126.948621,소란,2025-07-05
강서구,서울시 강서구 골목길 인근,37.541531,126.843695,절도,2025-04-17
구로구,서울시 구로구 이면도로 인근,37.509033,126.882802,폭행,2025-04-28
송파구,서울시 송파구 이면도로 인근,37.507176,127.115785,소란,2025-03-05
강동구,서울시 강동구 골목길 인근,37.524979,127.119916,재물손괴,2025-02-27
관악구,서울시 관악구 교차로 인근,37.481647,126.941970,소란,2025-03-01
동작구,서울시 동작구 이면도로 인근,37.522977,126.946045,폭행,2025-04-01
동대문구,서울시 동대문구 교차로 인근,37.583052,127.026807,재물손괴,2025-05-31
동대문구,서울시 동대문구 이면도로 인근,37.577642,127.050492,주거침입,2025-08-16
서대문구,서울시 서대문구 골목길 인근,37.575439,126.941916,재물손괴,2025-07-26
서대문구,서울시 서대문구 주차장 인근,37.565146,126.929820,주거침입,2025-05-11
금천구,서울시 금천구 교차로 인근,37.468259,126.910362,절도,2025-07-24
서초구,서울시 서초구 골목길 인근,37.477121,127.026898,재물손괴,2025-03-25
영등포구,서울시 영등포구 교차로 인근,37.537235,126.907518,재물손괴,2025-03-23
서대문구,서울시 서대문구 지하보도 인근,37.592842,126.927727,폭행,2025-07-06
은평구,서울시 은평구 지하보도 인근,37.588123,126.930936,주거침입,2025-10-27
중랑구,서울시 중랑구 이면도로 인근,37.615131,127.086241,성범죄,2025-04-24
광진구,서울시 광진구 주차장 인근,37.526003,127.091311,주거침입,2025-07-01
구로구,서울시 구로구 상가 뒷편 인근,37.482465,126.898097,절도,2025-03-05
종로구,서울시 종로구 공원 입구 인근,37.575828,126.976234,폭행,2025-07-03
노원구,서울시 노원구 주차장 인근,37.667254,127.062207,소란,2025-09-02
마포구,서울시 마포구 지하보도 인근,37.552592,126.911192,주거침입,2025-01-18
금천구,서울시 금천구 이면도로 인근,37.463769,126.890698,소란,2025-10-25
동대문구,서울시 동대문구 골목길 인근,37.571184,127.043511,소란,2025-09-21
동작구,서울시 동작구 주차장 인근,37.503094,126.924699,주거침입,2025-01-20
동대문구,서울시 동대문구 교차로 인근,37.578817,127.042875,주거침입,2025-10-21
도봉구,서울시 도봉구 상가 뒷편 인근,37.675152,127.045289,절도,2025-06-23
양천구,서울시 양천구 주차장 인근,37.510502,126.852680,폭행,2025-10-24
강남구,서울시 강남구 교차로 인근,37.530320,127.034338,재물손괴,2025-04-21
강북구,서울시 강북구 주차장 인근,37.641757,127.040030,폭행,2024-12-07
은평구,서울시 은평구 주차장 인근,37.600246,126.928451,소란,2025-09-08
성동구,서울시 성동구 교차로 인근,37.576634,127.023661,성범죄,2025-09-14
중구,서울시 중구 주차장 인근,37.553259,127.001624,폭행,2025-11-12
동대문구,서울시 동대문구 이면도로 인근,37.570637,127.038762,주거침입,2025-01-18
서대문구,서울시 서대문구 골목길 인근,37.591059,126.932107,폭행,2025-07-13
서초구,서울시 서초구 이면도로 인근,37.495843,127.028014,주거침입,2025-07-20
중랑구,서울시 중랑구 상가 뒷편 인근,37.594265,127.093385,주거침입,2025-04-13
송파구,서울시 송파구 이면도로 인근,37.519282,127.096635,주거침입,2025-11-09
강동구,서울시 강동구 교차로 인근,37.523423,127.131654,주거침입,2025-04-05
노원구,서울시 노원구 교차로 인근,37.647577,127.052837,재물손괴,2025-01-18
서대문구,서울시 서대문구 공원 입구 인근,37.584042,126.927142,소란,2025-02-09
서초구,서울시 서초구 이면도로 인근,37.490069,127.044022,성범죄,2025-06-30
은평구,서울시 은평구 주차장 인근,37.598789,126.939449,소란,2025-08-18
동대문구,서울시 동대문구 교차로 인근,37.575650,127.044732,절도,2025-01-21
구로구,서울시 구로구 골목길 인근,37.481463,126.878762,절도,2025-04-15
서대문구,서울시 서대문구 교차로 인근,37.587533,126.924367,주거침입,2025-09-20
서초구,서울시 서초구 상가 뒷편 인근,37.471741,127.020812,소란,2024-12-07
도봉구,서울시 도봉구 상가 뒷편 인근,37.669370,127.045871,재물손괴,2025-07-20
강동구,서울시 강동구 공원 입구 인근,37.519677,127.117332,주거침입,2025-08-14
성북구,서울시 성북구 상가 뒷편 인근,37.578268,127.017549,폭행,2025-10-18
중랑구,서울시 중랑구 상가 뒷편 인근,37.592424,127.099327,주거침입,2025-08-27
영등포구,서울시 영등포구 주차장 인근,37.520941,126.890817,절도,2025-09-03
도봉구,서울시 도봉구 공원 입구 인근,37.667042,127.035488,재물손괴,2025-05-26
구로구,서울시 구로구 지하보도 인근,37.500873,126.879492,주거침입,2025-11-07
강동구,서울시 강동구 교차로 인근,37.523686,127.128912,성범죄,2025-10-03
종로구,서울시 종로구 골목길 인근,37.563735,126.982087,폭행,2025-03-09
성동구,서울시 성동구 상가 뒷편 인근,37.551101,127.042289,주거침입,2025-02-04
중랑구,서울시 중랑구 주차장 인근,37.595025,127.100955,절도,2025-06-17
서초구,서울시 서초구 주차장 인근,37.481519,127.037505,소란,2025-02-03
서초구,서울시 서초구 이면도로 인근,37.471647,127.026072,절도,2025-09-21
영등포구,서울시 영등포구 지하보도 인근,37.538802,126.893894,주거침입,2025-03-14
강북구,서울시 강북구 지하보도 인근,37.638871,127.015919,소란,2025-08-27
강남구,서울시 강남구 이면도로 인근,37.531151,127.061215,절도,2025-11-17
동대문구,서울시 동대문구 공원 입구 인근,37.571290,127.029115,성범죄,2025-03-27
종로구,서울시 종로구 골목길 인근,37.558423,126.989056,폭행,2025-08-13
금천구,서울시 금천구 이면도로 인근,37.452360,126.908263,재물손괴,2025-02-11
종로구,서울시 종로구 공원 입구 인근,37.571538,126.965074,주거침입,2025-04-22
관악구,서울시 관악구 주차장 인근,37.487039,126.955873,절도,2025-10-07
중구,서울시 중구 상가 뒷편 인근,37.562423,126.986781,재물손괴,2025-06-06
구로구,서울시 구로구 교차로 인근,37.496952,126.898046,주거침입,2025-08-06
용산구,서울시 용산구 교차로 인근,37.546422,126.984764,주거침입,2025-01-26
강남구,서울시 강남구 공원 입구 인근,37.526315,127.042693,절도,2024-11-27
서대문구,서울시 서대문구 골목길 인근,37.582740,126.944109,재물손괴,2025-01-17
강서구,서울시 강서구 지하보도 인근,37.540994,126.835562,절도,2025-09-15
서대문구,서울시 서대문구 주차장 인근,37.587832,126.934090,성범죄,2025-11-03
강서구,서울시 강서구 주차장 인근,37.551278,126.847900,주거침입,2025-03-08
강서구,서울시 강서구 주차장 인근,37.565783,126.864452,재물손괴,2025-06-22
노원구,서울시 노원구 주차장 인근,37.657449,127.064836,절도,2025-10-14
성북구,서울시 성북구 공원 입구 인근,37.602166,127.004730,재물손괴,2025-04-04
양천구,서울시 양천구 공원 입구 인근,37.528090,126.879038,성범죄,2025-05-03
영등포구,서울시 영등포구 공원 입구 인근,37.531007,126.884273,주거침입,2025-03-13
서초구,서울시 서초구 지하보도 인근,37.489806,127.017610,폭행,2025-02-02
은평구,서울시 은평구 교차로 인근,37.617094,126.943475,소란,2025-11-16
광진구,서울시 광진구 골목길 인근,37.542701,127.075118,재물손괴,2025-03-14
강서구,서울시 강서구 주차장 인근,37.562092,126.863158,절도,2025-08-04
강동구,서울시 강동구 공원 입구 인근,37.523641,127.129245,폭행,2025-02-07
양천구,서울시 양천구 골목길 인근,37.517691,126.851048,폭행,2025-03-16
구로구,서울시 구로구 지하보도 인근,37.500901,126.890583,재물손괴,2025-09-29
강동구,서울시 강동구 교차로 인근,37.521405,127.109045,성범죄,2025-11-07
금천구,서울시 금천구 골목길 인근,37.455284,126.898292,재물손괴,2025-08-23
서초구,서울시 서초구 지하보도 인근,37.495480,127.037681,주거침입,2025-08-27
성북구,서울시 성북구 교차로 인근,37.576202,127.029300,주거침입,2025-01-21
영등포구,서울시 영등포구 상가 뒷편 인근,37.521682,126.897793,성범죄,2025-10-04
동작구,서울시 동작구 골목길 인근,37.521319,126.948883,재물손괴,2025-10-25
강남구,서울시 강남구 주차장 인근,37.522477,127.055557,주거침입,2025-06-19
종로구,서울시 종로구 주차장 인근,37.568557,126.977327,주거침입,2025-09-20
광진구,서울시 광진구 주차장 인근,37.529398,127.081282,절도,2025-11-14
은평구,서울시 은평구 골목길 인근,37.602609,126.943583,소란,2025-06-12
강동구,서울시 강동구 공원 입구 인근,37.533124,127.134046,주거침입,2025-05-04
동대문구,서울시 동대문구 상가 뒷편 인근,37.580910,127.053505,소란,2025-01-28
강남구,서울시 강남구 주차장 인근,37.521715,127.049883,성범죄,2025-07-21
마포구,서울시 마포구 골목길 인근,37.551879,126.916321,절도,2024-12-28
종로구,서울시 종로구 교차로 인근,37.564817,126.977067,성범죄,2025-06-01
노원구,서울시 노원구 지하보도 인근,37.647477,127.058832,주거침입,2025-10-11
강북구,서울시 강북구 주차장 인근,37.625774,127.018281,절도,2025-01-13
은평구,서울시 은평구 주차장 인근,37.600429,126.934424,소란,2024-12-08
도봉구,서울시 도봉구 지하보도 인근,37.680037,127.037748,재물손괴,2025-07-07
영등포구,서울시 영등포구 주차장 인근,37.519369,126.903894,폭행,2024-12-17
성동구,서울시 성동구 골목길 인근,37.576982,127.032344,재물손괴,2025-02-21
도봉구,서울시 도봉구 교차로 인근,37.663442,127.042645,절도,2025-04-06
도봉구,서울시 도봉구 골목길 인근,37.680944,127.044506,절도,2025-11-15
양천구,서울시 양천구 공원 입구 인근,37.511662,126.861310,절도,2025-11-03
양천구,서울시 양천구 교차로 인근,37.528757,126.861952,성범죄,2025-10-06
용산구,서울시 용산구 지하보도 인근,37.531891,126.996187,소란,2025-06-26
용산구,서울시 용산구 교차로 인근,37.532886,126.989119,절도,2024-12-11
성동구,서울시 성동구 이면도로 인근,37.571593,127.044171,재물손괴,2024-12-06
금천구,서울시 금천구 지하보도 인근,37.465414,126.899097,절도,2025-02-25
관악구,서울시 관악구 주차장 인근,37.474671,126.943712,재물손괴,2025-09-05
관악구,서울시 관악구 상가 뒷편 인근,37.475385,126.945837,주거침입,2025-01-12
성동구,서울시 성동구 공원 입구 인근,37.563851,127.049305,주거침입,2025-06-10
마포구,서울시 마포구 지하보도 인근,37.551740,126.897675,재물손괴,2025-09-18
구로구,서울시 구로구 지하보도 인근,37.484584,126.889490,소란,2025-05-08
중구,서울시 중구 골목길 인근,37.556313,126.992673,재물손괴,2025-07-31
금천구,서울시 금천구 상가 뒷편 인근,37.471204,126.893549,소란,2024-12-24
중랑구,서울시 중랑구 골목길 인근,37.591361,127.099707,소란,2025-05-26
중구,서울시 중구 상가 뒷편 인근,37.566580,127.002108,폭행,2025-07-17
노원구,서울시 노원구 지하보도 인근,37.653821,127.055899,주거침입,2025-02-19
중랑구,서울시 중랑구 골목길 인근,37.614964,127.098460,소란,2025-07-31
강남구,서울시 강남구 주차장 인근,37.512100,127.052428,소란,2025-07-17
송파구,서울시 송파구 주차장 인근,37.517664,127.095241,절도,2025-01-21
중구,서울시 중구 골목길 인근,37.572327,126.986638,절도,2024-11-25
구로구,서울시 구로구 공원 입구 인근,37.489302,126.893769,주거침입,2025-02-19
도봉구,서울시 도봉구 교차로 인근,37.663589,127.058952,주거침입,2024-12-03
성북구,서울시 성북구 교차로 인근,37.597092,127.032808,재물손괴,2025-04-01
용산구,서울시 용산구 이면도로 인근,37.540824,126.994499,폭행,2024-12-05
강남구,서울시 강남구 이면도로 인근,37.528468,127.037662,절도,2024-12-10
강남구,서울시 강남구 주차장 인근,37.513626,127.054511,주거침입,2025-09-27
강동구,서울시 강동구 주차장 인근,37.534678,127.126479,소란,2025-04-08
노원구,서울시 노원구 주차장 인근,37.666772,127.063648,주거침입,2025-01-19
용산구,서울시 용산구 교차로 인근,37.517860,126.979838,주거침입,2025-09-08
영등포구,서울시 영등포구 교차로 인근,37.532228,126.899513,재물손괴,2025-08-12
강북구,서울시 강북구 골목길 인근,37.636293,127.033595,절도,2025-09-08
서초구,서울시 서초구 이면도로 인근,37.469176,127.035269,주거침입,2025-05-26
관악구,서울시 관악구 교차로 인근,37.475130,126.955543,주거침입,2025-10-16
양천구,서울시 양천구 골목길 인근,37.525020,126.859552,재물손괴,2025-09-03
서초구,서울시 서초구 상가 뒷편 인근,37.492880,127.028463,절도,2024-12-21
양천구,서울시 양천구 교차로 인근,37.507094,126.854812,소란,2024-11-25
성동구,서울시 성동구 이면도로 인근,37.553527,127.033703,폭행,2025-09-22
송파구,서울시 송파구 상가 뒷편 인근,37.519707,127.116780,재물손괴,2025-05-11
동대문구,서울시 동대문구 골목길 인근,37.570805,127.045207,폭행,2025-09-04
금천구,서울시 금천구 교차로 인근,37.463022,126.899815,성범죄,2025-09-03
마포구,서울시 마포구 교차로 인근,37.562635,126.903800,절도,2025-05-13
도봉구,서울시 도봉구 상가 뒷편 인근,37.664143,127.045050,주거침입,2025-08-14
은평구,서울시 은평구 주차장 인근,37.605251,126.927382,주거침입,2025-09-30
은평구,서울시 은평구 상가 뒷편 인근,37.599663,126.914278,소란,2025-01-05
서대문구,서울시 서대문구 상가 뒷편 인근,37.581680,126.927636,폭행,2025-06-07
동작구,서울시 동작구 공원 입구 인근,37.521271,126.943691,절도,2025-08-11
강동구,서울시 강동구 교차로 인근,37.527250,127.135952,주거침입,2025-10-12
강동구,서울시 강동구 상가 뒷편 인근,37.542320,127.111392,폭행,2025-09-27
중구,서울시 중구 공원 입구 인근,37.558726,126.987478,주거침입,2025-07-31
양천구,서울시 양천구 공원 입구 인근,37.524232,126.852375,폭행,2024-11-26
강남구,서울시 강남구 상가 뒷편 인근,37.522861,127.051932,절도,2025-01-16
은평구,서울시 은평구 공원 입구 인근,37.602683,126.940797,폭행,2025-07-09
용산구,서울시 용산구 이면도로 인근,37.538992,126.997413,소란,2025-07-29
성동구,서울시 성동구 공원 입구 인근,37.577586,127.045234,성범죄,2025-08-01
중랑구,서울시 중랑구 주차장 인근,37.593394,127.103456,성범죄,2025-09-04
강서구,서울시 강서구 주차장 인근,37.552362,126.841817,주거침입,2024-12-25
서대문구,서울시 서대문구 골목길 인근,37.566900,126.930615,절도,2025-03-01
은평구,서울시 은평구 지하보도 인근,37.610342,126.928406,주거침입,2025-08-11
서초구,서울시 서초구 상가 뒷편 인근,37.494920,127.018674,재물손괴,2025-10-08
도봉구,서울시 도봉구 이면도로 인근,37.657873,127.059890,소란,2025-01-24
관악구,서울시 관악구 골목길 인근,37.472541,126.942476,폭행,2025-01-07
강서구,서울시 강서구 상가 뒷편 인근,37.551499,126.857156,재물손괴,2025-07-24
강동구,서울시 강동구 골목길 인근,37.528119,127.138784,주거침입,2025-08-27
은평구,서울시 은평구 골목길 인근,37.603532,126.936597,폭행,2025-01-13
마포구,서울시 마포구 교차로 인근,37.579123,126.888491,소란,2025-11-11
노원구,서울시 노원구 이면도로 인근,37.669102,127.051164,주거침입,2025-01-24
강북구,서울시 강북구 지하보도 인근,37.651196,127.025257,소란,2025-05-25
중랑구,서울시 중랑구 골목길 인근,37.619955,127.104344,성범죄,2025-07-08
금천구,서울시 금천구 공원 입구 인근,37.470700,126.896235,주거침입,2025-07-18
성동구,서울시 성동구 지하보도 인근,37.569027,127.031226,폭행,2025-08-29
성동구,서울시 성동구 지하보도 인근,37.559273,127.028897,소란,2025-10-31
도봉구,서울시 도봉구 이면도로 인근,37.682429,127.041800,주거침입,2025-07-12
용산구,서울시 용산구 이면도로 인근,37.542674,126.988709,성범죄,2025-10-04
중구,서울시 중구 상가 뒷편 인근,37.560630,126.992402,재물손괴,2025-06-23
서초구,서울시 서초구 이면도로 인근,37.496436,127.043314,소란,2025-07-10
금천구,서울시 금천구 교차로 인근,37.452372,126.880536,절도,2025-06-20
강남구,서울시 강남구 주차장 인근,37.514541,127.048452,재물손괴,2025-03-27
광진구,서울시 광진구 공원 입구 인근,37.547416,127.083020,절도,2025-05-31
강북구,서울시 강북구 주차장 인근,37.628201,127.036233,폭행,2025-09-02
영등포구,서울시 영등포구 지하보도 인근,37.517084,126.899747,성범죄,2024-12-20
중구,서울시 중구 지하보도 인근,37.560226,126.986624,성범죄,2025-10-22
도봉구,서울시 도봉구 공원 입구 인근,37.675885,127.040684,소란,2025-01-08
동작구,서울시 동작구 주차장 인근,37.500119,126.945395,소란,2025-01-05
영등포구,서울시 영등포구 상가 뒷편 인근,37.511539,126.888286,소란,2025-10-23
광진구,서울시 광진구 지하보도 인근,37.536934,127.085711,소란,2025-11-21
영등포구,서울시 영등포구 주차장 인근,37.528386,126.891619,재물손괴,2025-10-11
관악구,서울시 관악구 교차로 인근,37.485735,126.945995,소란,2025-07-26
종로구,서울시 종로구 교차로 인근,37.563362,126.977238,소란,2025-03-26
금천구,서울시 금천구 지하보도 인근,37.465979,126.901661,주거침입,2025-03-10
금천구,서울시 금천구 공원 입구 인근,37.470065,126.909287,폭행,2025-03-04
종로구,서울시 종로구 이면도로 인근,37.571891,126.991703,절도,2025-07-29
강북구,서울시 강북구 골목길 인근,37.637002,127.014939,폭행,2025-07-03
종로구,서울시 종로구 상가 뒷편 인근,37.583981,126.985004,폭행,2025-01-12
은평구,서울시 은평구 이면도로 인근,37.614047,126.942987,폭행,2025-03-02
강북구,서울시 강북구 지하보도 인근,37.628816,127.038744,주거침입,2025-05-10
용산구,서울시 용산구 골목길 인근,37.543931,126.990589,주거침입,2025-02-19
광진구,서울시 광진구 상가 뒷편 인근,37.524042,127.074411,소란,2025-05-25
용산구,서울시 용산구 교차로 인근,37.525211,126.996793,절도,2025-11-05
금천구,서울시 금천구 지하보도 인근,37.450352,126.897455,절도,2025-05-18
금천구,서울시 금천구 지하보도 인근,37.462257,126.882876,성범죄,2024-11-27
동대문구,서울시 동대문구 교차로 인근,37.589393,127.043750,폭행,2024-12-24
금천구,서울시 금천구 교차로 인근,37.458279,126.893478,절도,2025-03-22
중구,서울시 중구 주차장 인근,37.570470,127.009842,폭행,2025-02-12
강북구,서울시 강북구 골목길 인근,37.630416,127.033634,폭행,2024-12-20
구로구,서울시 구로구 교차로 인근,37.495664,126.878147,소란,2025-09-18
용산구,서울시 용산구 상가 뒷편 인근,37.543073,126.997480,주거침입,2025-06-13
관악구,서울시 관악구 공원 입구 인근,37.486153,126.947968,폭행,2025-03-19
강서구,서울시 강서구 교차로 인근,37.557216,126.841346,주거침입,2025-11-08
광진구,서울시 광진구 상가 뒷편 인근,37.536657,127.084755,소란,2025-01-21
구로구,서울시 구로구 주차장 인근,37.508506,126.884379,성범죄,2025-02-16
강서구,서울시 강서구 상가 뒷편 인근,37.555925,126.835988,재물손괴,2025-10-02
관악구,서울시 관악구 공원 입구 인근,37.488851,126.938521,절도,2025-08-06
관악구,서울시 관악구 교차로 인근,37.486746,126.949051,재물손괴,2025-05-13
동작구,서울시 동작구 골목길 인근,37.522556,126.928486,소란,2024-12-17
서초구,서울시 서초구 상가 뒷편 인근,37.483505,127.040321,주거침입,2025-11-18
서초구,서울시 서초구 상가 뒷편 인근,37.486482,127.042788,폭행,2025-07-27
관악구,서울시 관악구 공원 입구 인근,37.468241,126.945133,소란,2025-03-23
구로구,서울시 구로구 주차장 인근,37.498784,126.890595,폭행,2025-07-10
종로구,서울시 종로구 골목길 인근,37.585697,126.987612,성범죄,2025-03-05
영등포구,서울시 영등포구 골목길 인근,37.512992,126.906162,성범죄,2025-06-07
강북구,서울시 강북구 공원 입구 인근,37.646964,127.019977,성범죄,2025-03-13
강북구,서울시 강북구 골목길 인근,37.640995,127.013843,재물손괴,2025-02-10
관악구,서울시 관악구 상가 뒷편 인근,37.489928,126.940055,성범죄,2025-03-20
금천구,서울시 금천구 지하보도 인근,37.460083,126.903241,주거침입,2024-12-21
강동구,서울시 강동구 지하보도 인근,37.540911,127.124345,성범죄,2025-08-21
중구,서울시 중구 이면도로 인근,37.574656,127.006148,성범죄,2025-02-10
성북구,서울시 성북구 지하보도 인근,37.578178,127.004548,재물손괴,2025-10-10
광진구,서울시 광진구 지하보도 인근,37.540114,127.084250,절도,2025-01-05
동작구,서울시 동작구 골목길 인근,37.517780,126.947477,재물손괴,2025-01-31
마포구,서울시 마포구 교차로 인근,37.554298,126.899875,주거침입,2025-04-25
서대문구,서울시 서대문구 지하보도 인근,37.570315,126.923844,소란,2025-04-29
영등포구,서울시 영등포구 골목길 인근,37.524504,126.881992,재물손괴,2025-08-17
성동구,서울시 성동구 이면도로 인근,37.556535,127.046937,폭행,2025-03-24
중랑구,서울시 중랑구 공원 입구 인근,37.604618,127.083975,재물손괴,2025-10-25
강동구,서울시 강동구 공원 입구 인근,37.540531,127.111267,주거침입,2025-06-20
송파구,서울시 송파구 상가 뒷편 인근,37.526482,127.109166,재물손괴,2025-09-07
서대문구,서울시 서대문구 주차장 인근,37.568443,126.931812,성범죄,2025-02-18
동작구,서울시 동작구 교차로 인근,37.500033,126.929476,재물손괴,2025-04-03
강서구,서울시 강서구 공원 입구 인근,37.560220,126.849859,폭행,2025-07-15
종로구,서울시 종로구 교차로 인근,37.571158,126.965929,절도,2025-08-27
강서구,서울시 강서구 골목길 인근,37.559581,126.842532,주거침입,2025-08-06
구로구,서울시 구로구 주차장 인근,37.486414,126.880857,폭행,2025-04-22
서대문구,서울시 서대문구 지하보도 인근,37.570184,126.929732,성범죄,2025-06-29
은평구,서울시 은평구 골목길 인근,37.590782,126.926337,폭행,2025-11-03
서초구,서울시 서초구 골목길 인근,37.484995,127.026345,재물손괴,2025-05-26
강남구,서울시 강남구 상가 뒷편 인근,37.530688,127.039494,폭행,2024-11-25
관악구,서울시 관악구 주차장 인근,37.487192,126.948510,절도,2025-09-13
서대문구,서울시 서대문구 이면도로 인근,37.582142,126.949386,주거침입,2025-03-16
강서구,서울시 강서구 상가 뒷편 인근,37.549797,126.860167,재물손괴,2025-07-14
중랑구,서울시 중랑구 지하보도 인근,37.605211,127.093691,주거침입,2025-07-13
광진구,서울시 광진구 상가 뒷편 인근,37.543269,127.067735,폭행,2025-06-22
중랑구,서울시 중랑구 이면도로 인근,37.617382,127.087812,성범죄,2025-07-26
종로구,서울시 종로구 골목길 인근,37.579401,126.983057,절도,2025-09-02
강남구,서울시 강남구 이면도로 인근,37.507472,127.051118,폭행,2025-06-05
중랑구,서울시 중랑구 상가 뒷편 인근,37.607318,127.092642,절도,2025-10-12
강북구,서울시 강북구 공원 입구 인근,37.627071,127.040350,성범죄,2025-09-28
영등포구,서울시 영등포구 교차로 인근,37.514533,126.883944,재물손괴,2025-04-05
중구,서울시 중구 골목길 인근,37.557205,126.995220,절도,2025-09-14
강남구,서울시 강남구 상가 뒷편 인근,37.507169,127.060112,재물손괴,2025-09-02
광진구,서울시 광진구 교차로 인근,37.540704,127.095325,절도,2025-07-24
강남구,서울시 강남구 지하보도 인근,37.505912,127.056243,폭행,2025-04-09
송파구,서울시 송파구 이면도로 인근,37.528981,127.116709,재물손괴,2025-10-18
용산구,서울시 용산구 공원 입구 인근,37.533353,127.001847,폭행,2025-05-17
강서구,서울시 강서구 골목길 인근,37.562647,126.836813,성범죄,2025-10-08
강북구,서울시 강북구 주차장 인근,37.642546,127.020057,성범죄,2025-06-28
강북구,서울시 강북구 지하보도 인근,37.637598,127.037086,재물손괴,2025-06-23
영등포구,서울시 영등포구 상가 뒷편 인근,37.517863,126.881980,폭행,2025-10-19
관악구,서울시 관악구 지하보도 인근,37.478878,126.951163,폭행,2025-01-07
강남구,서울시 강남구 교차로 인근,37.510795,127.049107,성범죄,2025-10-25
양천구,서울시 양천구 상가 뒷편 인근,37.517149,126.874199,재물손괴,2025-11-21
성북구,서울시 성북구 공원 입구 인근,37.587186,127.003233,성범죄,2025-03-04
중랑구,서울시 중랑구 지하보도 인근,37.594235,127.083466,절도,2025-05-06
강북구,서울시 강북구 이면도로 인근,37.639404,127.011403,성범죄,2025-02-22
강동구,서울시 강동구 지하보도 인근,37.515272,127.125886,폭행,2024-11-30
영등포구,서울시 영등포구 교차로 인근,37.530441,126.885780,소란,2025-01-09
금천구,서울시 금천구 공원 입구 인근,37.446863,126.895834,성범죄,2025-07-08
도봉구,서울시 도봉구 공원 입구 인근,37.679943,127.061511,재물손괴,2025-09-20
용산구,서울시 용산구 공원 입구 인근,37.542945,126.999097,주거침입,2025-04-14
관악구,서울시 관악구 교차로 인근,37.475968,126.956817,절도,2025-03-23
구로구,서울시 구로구 이면도로 인근,37.494893,126.876550,폭행,2025-05-07
강북구,서울시 강북구 골목길 인근,37.637906,127.021611,소란,2025-01-20
도봉구,서울시 도봉구 골목길 인근,37.672830,127.057566,절도,2025-03-20
서대문구,서울시 서대문구 상가 뒷편 인근,37.571115,126.940733,절도,2025-10-19
용산구,서울시 용산구 공원 입구 인근,37.545593,126.992592,재물손괴,2025-01-29
서대문구,서울시 서대문구 공원 입구 인근,37.591617,126.932898,절도,2025-02-14
은평구,서울시 은평구 상가 뒷편 인근,37.601031,126.920216,주거침입,2025-05-04
광진구,서울시 광진구 공원 입구 인근,37.542322,127.087015,절도,2025-09-25
성동구,서울시 성동구 주차장 인근,37.563539,127.046556,폭행,2025-05-01
노원구,서울시 노원구 교차로 인근,37.661735,127.066221,폭행,2025-05-12
강북구,서울시 강북구 이면도로 인근,37.632551,127.040193,소란,2025-03-13
송파구,서울시 송파구 이면도로 인근,37.524804,127.100404,소란,2025-04-18
은평구,서울시 은평구 상가 뒷편 인근,37.599811,126.931406,재물손괴,2025-01-25
광진구,서울시 광진구 골목길 인근,37.532347,127.086374,폭행,2025-05-25
구로구,서울시 구로구 교차로 인근,37.492940,126.873475,소란,2025-07-29
마포구,서울시 마포구 주차장 인근,37.576622,126.903751,절도,2025-10-06
강북구,서울시 강북구 이면도로 인근,37.644253,127.029661,재물손괴,2025-02-14
강북구,서울시 강북구 주차장 인근,37.636508,127.014384,주거침입,2025-05-27
도봉구,서울시 도봉구 이면도로 인근,37.681441,127.055215,재물손괴,2025-03-06
강서구,서울시 강서구 지하보도 인근,37.562319,126.855937,소란,2025-03-19
영등포구,서울시 영등포구 공원 입구 인근,37.521063,126.895851,성범죄,2025-03-23
광진구,서울시 광진구 주차장 인근,37.539052,127.088806,소란,2025-02-10
마포구,서울시 마포구 지하보도 인근,37.575653,126.887140,성범죄,2025-05-29
금천구,서울시 금천구 주차장 인근,37.464288,126.900193,재물손괴,2025-07-31
송파구,서울시 송파구 이면도로 인근,37.514992,127.102672,주거침입,2025-08-20
도봉구,서울시 도봉구 교차로 인근,37.664650,127.061169,주거침입,2025-01-25
양천구,서울시 양천구 상가 뒷편 인근,37.510666,126.873048,소란,2024-12-23
강동구,서울시 강동구 상가 뒷편 인근,37.540739,127.138495,주거침입,2025-07-27
도봉구,서울시 도봉구 지하보도 인근,37.679553,127.033087,폭행,2025-11-04
성동구,서울시 성동구 이면도로 인근,37.566672,127.049635,폭행,2025-07-21
관악구,서울시 관악구 골목길 인근,37.481080,126.939249,주거침입,2024-12-25
광진구,서울시 광진구 골목길 인근,37.530952,127.094230,성범죄,2024-11-25
마포구,서울시 마포구 이면도로 인근,37.559901,126.896110,폭행,2024-12-12
서대문구,서울시 서대문구 교차로 인근,37.574511,126.950076,소란,2025-08-19
양천구,서울시 양천구 주차장 인근,37.504892,126.877178,폭행,2025-03-27
종로구,서울시 종로구 이면도로 인근,37.574520,126.975724,폭행,2025-08-23
종로구,서울시 종로구 교차로 인근,37.570713,126.989624,폭행,2025-02-17
도봉구,서울시 도봉구 교차로 인근,37.679286,127.060564,소란,2025-08-08
노원구,서울시 노원구 이면도로 인근,37.648985,127.045441,폭행,2024-12-17
송파구,서울시 송파구 공원 입구 인근,37.513881,127.094089,소란,2025-05-04
종로구,서울시 종로구 골목길 인근,37.585203,126.975619,절도,2025-11-20
중구,서울시 중구 지하보도 인근,37.571731,126.989039,주거침입,2025-01-13
관악구,서울시 관악구 주차장 인근,37.490773,126.949692,절도,2025-09-14
양천구,서울시 양천구 주차장 인근,37.516940,126.868358,성범죄,2025-06-11
관악구,서울시 관악구 이면도로 인근,37.472544,126.962891,주거침입,2025-03-23
성북구,서울시 성북구 지하보도 인근,37.590837,127.024094,성범죄,2025-04-30
동작구,서울시 동작구 지하보도 인근,37.501330,126.938526,주거침입,2025-10-12
노원구,서울시 노원구 상가 뒷편 인근,37.659514,127.071186,재물손괴,2025-11-05
서대문구,서울시 서대문구 이면도로 인근,37.583488,126.923480,재물손괴,2025-01-26
용산구,서울시 용산구 지하보도 인근,37.528874,126.982102,절도,2025-08-19
관악구,서울시 관악구 이면도로 인근,37.469300,126.952308,성범죄,2025-04-23
강동구,서울시 강동구 골목길 인근,37.522973,127.133363,절도,2025-03-21
영등포구,서울시 영등포구 지하보도 인근,37.535049,126.897027,성범죄,2025-01-29
광진구,서울시 광진구 교차로 인근,37.546185,127.068158,재물손괴,2025-09-25
마포구,서울시 마포구 지하보도 인근,37.577899,126.888162,절도,2025-03-29
중랑구,서울시 중랑구 골목길 인근,37.612706,127.088933,절도,2025-03-14
성동구,서울시 성동구 지하보도 인근,37.550371,127.026828,폭행,2025-03-07
동대문구,서울시 동대문구 상가 뒷편 인근,37.560922,127.041094,성범죄,2025-11-23
성북구,서울시 성북구 지하보도 인근,37.591453,127.022243,주거침입,2025-02-19
관악구,서울시 관악구 상가 뒷편 인근,37.483322,126.946214,소란,2025-06-07
관악구,서울시 관악구 공원 입구 인근,37.489808,126.943823,폭행,2025-07-03
은평구,서울시 은평구 골목길 인근,37.596631,126.918189,폭행,2025-06-03
동작구,서울시 동작구 이면도로 인근,37.526918,126.937833,절도,2025-05-13
영등포구,서울시 영등포구 주차장 인근,37.535477,126.893040,성범죄,2025-07-19
강서구,서울시 강서구 교차로 인근,37.541394,126.844139,소란,2025-08-01
마포구,서울시 마포구 공원 입구 인근,37.555092,126.899065,절도,2025-08-14
구로구,서울시 구로구 교차로 인근,37.495555,126.884424,폭행,2025-04-07
마포구,서울시 마포구 교차로 인근,37.566240,126.914462,소란,2025-11-15
강북구,서울시 강북구 골목길 인근,37.642417,127.037271,절도,2025-01-29
서대문구,서울시 서대문구 골목길 인근,37.568560,126.938520,절도,2025-02-03
강동구,서울시 강동구 상가 뒷편 인근,37.531720,127.118034,성범죄,2025-02-24
중구,서울시 중구 상가 뒷편 인근,37.564403,127.011022,성범죄,2025-02-08
은평구,서울시 은평구 공원 입구 인근,37.592901,126.926929,폭행,2025-09-05
광진구,서울시 광진구 교차로 인근,37.543624,127.073698,폭행,2025-10-15
강남구,서울시 강남구 주차장 인근,37.504096,127.054921,절도,2024-12-23
동작구,서울시 동작구 이면도로 인근,37.516958,126.930334,재물손괴,2025-05-11
강남구,서울시 강남구 주차장 인근,37.530254,127.043664,소란,2025-03-15
영등포구,서울시 영등포구 공원 입구 인근,37.540739,126.896045,폭행,2025-11-04
용산구,서울시 용산구 상가 뒷편 인근,37.529205,126.990521,절도,2025-03-24
성동구,서울시 성동구 이면도로 인근,37.573797,127.036756,주거침입,2025-10-02
동작구,서울시 동작구 공원 입구 인근,37.504542,126.927052,절도,2025-11-17
중랑구,서울시 중랑구 상가 뒷편 인근,37.620988,127.094266,폭행,2025-09-10
노원구,서울시 노원구 주차장 인근,37.655078,127.064256,주거침입,2025-06-10
동작구,서울시 동작구 주차장 인근,37.498083,126.927310,주거침입,2025-08-20
강남구,서울시 강남구 이면도로 인근,37.514661,127.037210,주거침입,2025-08-04
강남구,서울시 강남구 골목길 인근,37.512666,127.060702,재물손괴,2025-08-25
도봉구,서울시 도봉구 공원 입구 인근,37.679237,127.040501,성범죄,2025-04-17
중랑구,서울시 중랑구 골목길 인근,37.612329,127.098478,소란,2025-07-24
용산구,서울시 용산구 공원 입구 인근,37.542763,127.004838,주거침입,2025-07-31
중랑구,서울시 중랑구 골목길 인근,37.617093,127.103927,절도,2025-01-10
서초구,서울시 서초구 교차로 인근,37.470865,127.021717,폭행,2025-11-16
강동구,서울시 강동구 공원 입구 인근,37.524887,127.110124,절도,2025-09-28
은평구,서울시 은평구 골목길 인근,37.606768,126.941644,소란,2025-03-30
서초구,서울시 서초구 교차로 인근,37.483675,127.043218,소란,2025-05-30
양천구,서울시 양천구 지하보도 인근,37.524510,126.867531,성범죄,2025-10-07
영등포구,서울시 영등포구 상가 뒷편 인근,37.525949,126.884717,주거침입,2025-06-01
용산구,서울시 용산구 이면도로 인근,37.529075,126.988723,주거침입,2025-03-06
성북구,서울시 성북구 주차장 인근,37.584800,127.006485,폭행,2024-12-17
양천구,서울시 양천구 공원 입구 인근,37.522259,126.876775,성범죄,2025-01-31
강북구,서울시 강북구 골목길 인근,37.642247,127.014438,소란,2025-05-26
성북구,서울시 성북구 공원 입구 인근,37.583920,127.022342,주거침입,2025-06-06
영등포구,서울시 영등포구 주차장 인근,37.526530,126.909017,폭행,2025-06-11
마포구,서울시 마포구 골목길 인근,37.556331,126.903445,주거침입,2025-05-26
성북구,서울시 성북구 주차장 인근,37.588176,127.019494,폭행,2025-01-16
종로구,서울시 종로구 지하보도 인근,37.567373,126.974090,재물손괴,2025-07-25
영등포구,서울시 영등포구 이면도로 인근,37.534700,126.886553,주거침입,2025-07-03
서초구,서울시 서초구 상가 뒷편 인근,37.489468,127.042832,주거침입,2025-09-26
강북구,서울시 강북구 교차로 인근,37.651366,127.021236,성범죄,2025-10-07
종로구,서울시 종로구 교차로 인근,37.584251,126.971770,성범죄,2025-05-20
영등포구,서울시 영등포구 주차장 인근,37.539710,126.890652,재물손괴,2025-02-11
송파구,서울시 송파구 공원 입구 인근,37.502463,127.117678,절도,2025-05-03
광진구,서울시 광진구 상가 뒷편 인근,37.538534,127.072759,소란,2024-12-06
은평구,서울시 은평구 교차로 인근,37.607470,126.920369,성범죄,2025-09-20
중구,서울시 중구 공원 입구 인근,37.570954,126.994056,재물손괴,2024-12-13
금천구,서울시 금천구 이면도로 인근,37.468353,126.888051,재물손괴,2025-02-09
구로구,서울시 구로구 주차장 인근,37.509324,126.877059,주거침입,2025-04-14
동작구,서울시 동작구 주차장 인근,37.516072,126.952430,주거침입,2025-06-09
동대문구,서울시 동대문구 상가 뒷편 인근,37.574760,127.028367,절도,2025-04-07
양천구,서울시 양천구 지하보도 인근,37.504819,126.873358,주거침입,2025-08-27
노원구,서울시 노원구 지하보도 인근,37.666971,127.064853,절도,2025-09-27
종로구,서울시 종로구 공원 입구 인근,37.563598,126.990369,절도,2025-08-15
양천구,서울시 양천구 주차장 인근,37.508727,126.879889,폭행,2025-09-18
노원구,서울시 노원구 지하보도 인근,37.656634,127.062494,성범죄,2025-11-18
구로구,서울시 구로구 공원 입구 인근,37.500530,126.888828,소란,2024-12-14
도봉구,서울시 도봉구 주차장 인근,37.665972,127.043912,성범죄,2025-04-13
은평구,서울시 은평구 주차장 인근,37.594514,126.934281,주거침입,2025-03-14
구로구,서울시 구로구 주차장 인근,37.486230,126.884067,주거침입,2025-10-16
관악구,서울시 관악구 지하보도 인근,37.474812,126.963077,소란,2025-07-08
강동구,서울시 강동구 골목길 인근,37.538031,127.115675,폭행,2025-02-22
도봉구,서울시 도봉구 주차장 인근,37.658730,127.060551,성범죄,2025-09-07
구로구,서울시 구로구 공원 입구 인근,37.507014,126.894842,성범죄,2025-11-23
용산구,서울시 용산구 이면도로 인근,37.528502,126.975462,재물손괴,2025-11-09
도봉구,서울시 도봉구 주차장 인근,37.670993,127.060390,재물손괴,2025-05-25
성북구,서울시 성북구 상가 뒷편 인근,37.602786,127.012293,소란,2025-05-23
중구,서울시 중구 주차장 인근,37.568641,127.012270,성범죄,2025-10-25
송파구,서울시 송파구 이면도로 인근,37.515677,127.094475,소란,2025-01-08
영등포구,서울시 영등포구 지하보도 인근,37.526180,126.906578,주거침입,2025-06-27
성동구,서울시 성동구 골목길 인근,37.571185,127.022149,재물손괴,2025-01-12
은평구,서울시 은평구 골목길 인근,37.603123,126.942512,주거침입,2025-07-11
영등포구,서울시 영등포구 이면도로 인근,37.521343,126.883916,재물손괴,2025-03-31
동작구,서울시 동작구 주차장 인근,37.518078,126.929437,재물손괴,2025-10-26
강남구,서울시 강남구 이면도로 인근,37.521692,127.040519,소란,2025-03-04
노원구,서울시 노원구 이면도로 인근,37.646192,127.059564,소란,2025-05-01
서대문구,서울시 서대문구 교차로 인근,37.571861,126.932435,성범죄,2025-03-18
중랑구,서울시 중랑구 이면도로 인근,37.612355,127.090880,성범죄,2025-09-13
광진구,서울시 광진구 지하보도 인근,37.550609,127.095530,재물손괴,2025-10-26
양천구,서울시 양천구 주차장 인근,37.528484,126.877373,폭행,2025-07-27
강북구,서울시 강북구 공원 입구 인근,37.651050,127.011148,폭행,2025-09-29
강동구,서울시 강동구 상가 뒷편 인근,37.538943,127.133242,성범죄,2025-09-07
강남구,서울시 강남구 공원 입구 인근,37.506990,127.040642,폭행,2025-10-08
강남구,서울시 강남구 주차장 인근,37.507868,127.043109,성범죄,2025-05-29
용산구,서울시 용산구 골목길 인근,37.526262,126.999886,폭행,2024-12-13
강서구,서울시 강서구 상가 뒷편 인근,37.535916,126.850128,성범죄,2025-03-23
관악구,서울시 관악구 공원 입구 인근,37.474178,126.945420,폭행,2025-09-23
송파구,서울시 송파구 상가 뒷편 인근,37.515904,127.103217,폭행,2025-05-18
영등포구,서울시 영등포구 이면도로 인근,37.529671,126.909640,주거침입,2025-04-22
성북구,서울시 성북구 교차로 인근,37.594391,127.026949,주거침입,2025-08-19
서초구,서울시 서초구 상가 뒷편 인근,37.490122,127.027025,소란,2024-11-25
동작구,서울시 동작구 주차장 인근,37.509124,126.939978,소란,2025-05-05
강서구,서울시 강서구 주차장 인근,37.559976,126.835932,성범죄,2024-12-14
중구,서울시 중구 주차장 인근,37.551411,126.994060,소란,2025-04-19
중랑구,서울시 중랑구 이면도로 인근,37.609972,127.091592,폭행,2025-03-07
송파구,서울시 송파구 공원 입구 인근,37.528952,127.116609,성범죄,2025-01-28
도봉구,서울시 도봉구 지하보도 인근,37.674477,127.046178,재물손괴,2025-04-30
양천구,서울시 양천구 주차장 인근,37.522861,126.880846,절도,2025-06-12
중구,서울시 중구 교차로 인근,37.560769,127.007912,폭행,2025-04-24
서대문구,서울시 서대문구 교차로 인근,37.584094,126.940698,성범죄,2025-08-15
동작구,서울시 동작구 이면도로 인근,37.498138,126.950259,폭행,2025-10-06
종로구,서울시 종로구 이면도로 인근,37.573388,126.968186,주거침입,2025-07-06
광진구,서울시 광진구 지하보도 인근,37.544617,127.093604,재물손괴,2025-04-14
관악구,서울시 관악구 지하보도 인근,37.469653,126.954915,재물손괴,2025-06-25
용산구,서울시 용산구 공원 입구 인근,37.527183,126.993724,폭행,2025-06-17
서대문구,서울시 서대문구 교차로 인근,37.566358,126.950751,소란,2025-02-16
관악구,서울시 관악구 주차장 인근,37.476740,126.945391,주거침입,2025-03-04
강남구,서울시 강남구 골목길 인근,37.512856,127.048506,폭행,2024-12-28
중구,서울시 중구 골목길 인근,37.570964,127.005145,성범죄,2024-11-26
서대문구,서울시 서대문구 주차장 인근,37.576393,126.930562,성범죄,2025-11-15
중랑구,서울시 중랑구 골목길 인근,37.607395,127.104591,절도,2025-10-28
관악구,서울시 관악구 골목길 인근,37.482917,126.965767,재물손괴,2025-02-09
강동구,서울시 강동구 교차로 인근,37.525180,127.128538,주거침입,2025-05-08
중구,서울시 중구 이면도로 인근,37.549490,127.003248,재물손괴,2025-05-30
강서구,서울시 강서구 지하보도 인근,37.560796,126.862203,재물손괴,2025-10-25
성동구,서울시 성동구 지하보도 인근,37.558038,127.050702,재물손괴,2025-10-03
종로구,서울시 종로구 골목길 인근,37.585418,126.986788,소란,2025-03-12
은평구,서울시 은평구 주차장 인근,37.602764,126.941090,절도,2025-04-10
서초구,서울시 서초구 골목길 인근,37.471900,127.023747,절도,2025-01-24
서초구,서울시 서초구 상가 뒷편 인근,37.475468,127.039140,성범죄,2025-04-08
강동구,서울시 강동구 상가 뒷편 인근,37.515232,127.128566,소란,2025-06-29
중랑구,서울시 중랑구 이면도로 인근,37.599649,127.100880,절도,2025-05-17
구로구,서울시 구로구 주차장 인근,37.485134,126.884435,성범죄,2025-08-03
금천구,서울시 금천구 교차로 인근,37.467366,126.902765,폭행,2025-04-25
노원구,서울시 노원구 공원 입구 인근,37.651568,127.061167,소란,2025-06-19
강동구,서울시 강동구 이면도로 인근,37.516888,127.122737,재물손괴,2025-02-04
금천구,서울시 금천구 이면도로 인근,37.450747,126.910084,주거침입,2025-03-15
동대문구,서울시 동대문구 상가 뒷편 인근,37.580954,127.027250,폭행,2025-03-18
성북구,서울시 성북구 공원 입구 인근,37.584198,127.007221,절도,2025-07-25
구로구,서울시 구로구 주차장 인근,37.496999,126.902107,폭행,2025-02-03
관악구,서울시 관악구 주차장 인근,37.469810,126.940372,주거침입,2025-08-05
강서구,서울시 강서구 공원 입구 인근,37.537229,126.844631,폭행,2024-11-25
금천구,서울시 금천구 주차장 인근,37.455085,126.900364,주거침입,2025-05-19
강동구,서울시 강동구 교차로 인근,37.519290,127.135817,절도,2025-10-30
중랑구,서울시 중랑구 상가 뒷편 인근,37.602543,127.096719,성범죄,2025-11-13
구로구,서울시 구로구 골목길 인근,37.501392,126.882434,성범죄,2025-10-04
용산구,서울시 용산구 상가 뒷편 인근,37.519175,126.975463,성범죄,2025-09-21
서초구,서울시 서초구 교차로 인근,37.488808,127.042793,재물손괴,2025-03-16
강서구,서울시 강서구 주차장 인근,37.564481,126.850356,주거침입,2025-03-23
영등포구,서울시 영등포구 교차로 인근,37.540863,126.891809,소란,2025-05-03
강남구,서울시 강남구 지하보도 인근,37.502618,127.059486,주거침입,2024-12-16
은평구,서울시 은평구 주차장 인근,37.615258,126.942529,주거침입,2024-12-10
은평구,서울시 은평구 교차로 인근,37.612591,126.921109,성범죄,2025-09-04
종로구,서울시 종로구 이면도로 인근,37.587888,126.966346,폭행,2025-04-13
은평구,서울시 은평구 골목길 인근,37.609788,126.919594,재물손괴,2025-04-14
성동구,서울시 성동구 교차로 인근,37.566028,127.029214,재물손괴,2025-02-09
양천구,서울시 양천구 교차로 인근,37.513575,126.863657,주거침입,2025-01-06
성북구,서울시 성북구 교차로 인근,37.583556,127.029079,성범죄,2024-12-18
강동구,서울시 강동구 이면도로 인근,37.519744,127.133587,주거침입,2025-04-13
서초구,서울시 서초구 공원 입구 인근,37.493036,127.031317,폭행,2025-08-19
동대문구,서울시 동대문구 이면도로 인근,37.567323,127.029499,재물손괴,2025-09-15
광진구,서울시 광진구 골목길 인근,37.547765,127.067745,소란,2025-04-30
양천구,서울시 양천구 상가 뒷편 인근,37.519357,126.859787,소란,2025-09-29
노원구,서울시 노원구 지하보도 인근,37.669089,127.070739,주거침입,2025-01-12
구로구,서울시 구로구 이면도로 인근,37.487736,126.901075,성범죄,2025-08-01
강서구,서울시 강서구 골목길 인근,37.539746,126.856263,성범죄,2025-09-22
강동구,서울시 강동구 상가 뒷편 인근,37.519041,127.132442,주거침입,2025-04-01
성동구,서울시 성동구 지하보도 인근,37.557218,127.040630,성범죄,2024-12-20
노원구,서울시 노원구 골목길 인근,37.646574,127.070899,폭행,2025-07-10
구로구,서울시 구로구 주차장 인근,37.487777,126.900867,소란,2025-07-09
용산구,서울시 용산구 공원 입구 인근,37.531166,126.981725,절도,2025-07-05
양천구,서울시 양천구 공원 입구 인근,37.524930,126.860442,소란,2025-04-09
강동구,서울시 강동구 상가 뒷편 인근,37.540129,127.136570,절도,2025-09-11
강북구,서울시 강북구 이면도로 인근,37.643094,127.016664,절도,2025-07-28
송파구,서울시 송파구 지하보도 인근,37.525437,127.116723,주거침입,2025-09-16
성동구,서울시 성동구 교차로 인근,37.558658,127.044107,폭행,2025-01-24
강남구,서울시 강남구 상가 뒷편 인근,37.509516,127.040299,폭행,2025-04-25
성동구,서울시 성동구 상가 뒷편 인근,37.552775,127.022724,소란,2025-01-01
성북구,서울시 성북구 지하보도 인근,37.577892,127.017753,성범죄,2025-04-28
은평구,서울시 은평구 교차로 인근,37.611444,126.933165,폭행,2024-12-15
구로구,서울시 구로구 지하보도 인근,37.501501,126.890298,성범죄,2025-02-19
강북구,서울시 강북구 상가 뒷편 인근,37.641558,127.030737,소란,2025-08-12
은평구,서울시 은평구 주차장 인근,37.599732,126.928508,주거침입,2025-11-20
서대문구,서울시 서대문구 주차장 인근,37.567736,126.947245,소란,2025-11-12
성북구,서울시 성북구 지하보도 인근,37.595672,127.021048,폭행,2025-05-10
양천구,서울시 양천구 주차장 인근,37.503888,126.878716,성범죄,2025-05-02
광진구,서울시 광진구 지하보도 인근,37.537816,127.080131,성범죄,2025-10-18
관악구,서울시 관악구 공원 입구 인근,37.492236,126.946818,주거침입,2025-03-02
서초구,서울시 서초구 공원 입구 인근,37.479875,127.040342,폭행,2025-06-02
중랑구,서울시 중랑구 주차장 인근,37.613746,127.100611,절도,2025-02-09
노원구,서울시 노원구 공원 입구 인근,37.652759,127.050666,성범죄,2025-02-12
동대문구,서울시 동대문구 공원 입구 인근,37.588860,127.031892,절도,2025-01-20
관악구,서울시 관악구 지하보도 인근,37.477329,126.937816,주거침입,2025-07-17
동대문구,서울시 동대문구 상가 뒷편 인근,37.576387,127.051870,주거침입,2025-10-13
강북구,서울시 강북구 교차로 인근,37.631263,127.029319,성범죄,2025-09-23
구로구,서울시 구로구 골목길 인근,37.501588,126.891101,절도,2025-06-14
관악구,서울시 관악구 주차장 인근,37.485750,126.942996,성범죄,2025-06-05
서대문구,서울시 서대문구 공원 입구 인근,37.586420,126.925079,성범죄,2025-07-20
관악구,서울시 관악구 지하보도 인근,37.487465,126.962512,소란,2025-07-16
영등포구,서울시 영등포구 이면도로 인근,37.521033,126.903328,재물손괴,2025-06-23
동대문구,서울시 동대문구 골목길 인근,37.581002,127.042169,폭행,2025-10-21
강남구,서울시 강남구 공원 입구 인근,37.531906,127.057747,소란,2025-08-20
광진구,서울시 광진구 골목길 인근,37.532598,127.095239,성범죄,2025-02-12
동대문구,서울시 동대문구 공원 입구 인근,37.567816,127.049746,주거침입,2025-11-12
종로구,서울시 종로구 교차로 인근,37.581373,126.994336,소란,2025-01-16
강동구,서울시 강동구 공원 입구 인근,37.536765,127.134027,소란,2025-04-30
중구,서울시 중구 지하보도 인근,37.577931,126.996977,폭행,2025-06-14
노원구,서울시 노원구 주차장 인근,37.646775,127.043292,소란,2025-08-30
성북구,서울시 성북구 골목길 인근,37.592947,127.007229,재물손괴,2025-07-13
마포구,서울시 마포구 이면도로 인근,37.556261,126.904691,소란,2025-06-21
광진구,서울시 광진구 상가 뒷편 인근,37.539368,127.069109,폭행,2025-02-25
종로구,서울시 종로구 교차로 인근,37.563570,126.987886,주거침입,2025-09-23
동대문구,서울시 동대문구 상가 뒷편 인근,37.569694,127.029615,폭행,2025-11-22
광진구,서울시 광진구 교차로 인근,37.530660,127.081636,성범죄,2025-09-16
중구,서울시 중구 주차장 인근,37.559609,127.003507,주거침입,2024-12-13
송파구,서울시 송파구 교차로 인근,37.511873,127.094993,성범죄,2025-01-11
서초구,서울시 서초구 공원 입구 인근,37.489221,127.039977,성범죄,2025-08-17
서초구,서울시 서초구 상가 뒷편 인근,37.492882,127.036551,재물손괴,2025-06-04
중구,서울시 중구 공원 입구 인근,37.578195,127.007694,절도,2025-02-14
동작구,서울시 동작구 공원 입구 인근,37.514893,126.933961,폭행,2025-06-23
관악구,서울시 관악구 상가 뒷편 인근,37.487610,126.952427,주거침입,2025-01-06
은평구,서울시 은평구 주차장 인근,37.595094,126.929713,재물손괴,2025-10-21
강서구,서울시 강서구 교차로 인근,37.536771,126.841430,폭행,2025-07-29
강남구,서울시 강남구 이면도로 인근,37.503358,127.058172,소란,2025-10-13
서대문구,서울시 서대문구 교차로 인근,37.576945,126.946837,소란,2025-08-03
중구,서울시 중구 상가 뒷편 인근,37.553530,126.994903,주거침입,2025-02-18
동작구,서울시 동작구 주차장 인근,37.519315,126.931356,주거침입,2025-03-18
중랑구,서울시 중랑구 공원 입구 인근,37.609158,127.093754,소란,2024-12-17
서초구,서울시 서초구 주차장 인근,37.493302,127.038757,재물손괴,2025-07-15
강북구,서울시 강북구 상가 뒷편 인근,37.637315,127.039190,소란,2025-06-24
동대문구,서울시 동대문구 지하보도 인근,37.565887,127.048006,폭행,2025-09-10
중구,서울시 중구 상가 뒷편 인근,37.569766,127.011636,소란,2025-05-15
관악구,서울시 관악구 이면도로 인근,37.467056,126.961892,폭행,2024-11-30
동대문구,서울시 동대문구 골목길 인근,37.569360,127.035528,절도,2024-12-21
강동구,서울시 강동구 주차장 인근,37.534657,127.109564,재물손괴,2025-07-21
용산구,서울시 용산구 이면도로 인근,37.546010,126.975348,재물손괴,2025-03-25
구로구,서울시 구로구 상가 뒷편 인근,37.499314,126.883631,재물손괴,2025-11-24
서초구,서울시 서초구 골목길 인근,37.487994,127.046301,절도,2025-08-22
서대문구,서울시 서대문구 주차장 인근,37.585077,126.922693,폭행,2025-04-08
송파구,서울시 송파구 상가 뒷편 인근,37.516285,127.120615,주거침입,2025-10-12
서대문구,서울시 서대문구 이면도로 인근,37.583596,126.926245,폭행,2025-09-03
중구,서울시 중구 지하보도 인근,37.560810,127.008723,절도,2025-05-28
강북구,서울시 강북구 교차로 인근,37.649075,127.031725,성범죄,2025-10-16
영등포구,서울시 영등포구 이면도로 인근,37.537594,126.882340,성범죄,2025-08-06
강북구,서울시 강북구 상가 뒷편 인근,37.633591,127.024457,폭행,2025-06-08
강동구,서울시 강동구 주차장 인근,37.531141,127.137929,절도,2025-02-28
영등포구,서울시 영등포구 주차장 인근,37.535856,126.893295,절도,2025-11-08
양천구,서울시 양천구 교차로 인근,37.527274,126.851941,주거침입,2025-05-16
구로구,서울시 구로구 이면도로 인근,37.509458,126.872432,주거침입,2025-01-15
노원구,서울시 노원구 이면도로 인근,37.642437,127.064567,성범죄,2025-09-26
강서구,서울시 강서구 상가 뒷편 인근,37.564166,126.842307,재물손괴,2025-02-07
구로구,서울시 구로구 이면도로 인근,37.482782,126.879358,주거침입,2025-05-16
도봉구,서울시 도봉구 주차장 인근,37.654338,127.045516,성범죄,2025-07-28
중랑구,서울시 중랑구 공원 입구 인근,37.599399,127.089090,재물손괴,2025-06-02
은평구,서울시 은평구 공원 입구 인근,37.612713,126.918527,재물손괴,2025-06-13
송파구,서울시 송파구 공원 입구 인근,37.523270,127.108693,소란,2025-07-29
강남구,서울시 강남구 골목길 인근,37.511694,127.047642,주거침입,2025-05-17
구로구,서울시 구로구 교차로 인근,37.486497,126.878728,재물손괴,2025-10-21
중구,서울시 중구 교차로 인근,37.565034,127.012360,성범죄,2025-08-29
강동구,서울시 강동구 지하보도 인근,37.519377,127.133307,폭행,2025-09-29
종로구,서울시 종로구 상가 뒷편 인근,37.563775,126.970371,주거침입,2025-06-21
송파구,서울시 송파구 공원 입구 인근,37.505495,127.105701,절도,2025-05-25
성동구,서울시 성동구 공원 입구 인근,37.571152,127.031396,주거침입,2024-12-21
도봉구,서울시 도봉구 지하보도 인근,37.653911,127.056296,절도,2025-07-16
강남구,서울시 강남구 교차로 인근,37.510691,127.048064,절도,2025-01-08
금천구,서울시 금천구 지하보도 인근,37.460528,126.908512,절도,2025-10-01
동대문구,서울시 동대문구 주차장 인근,37.565723,127.051014,소란,2025-01-15
도봉구,서울시 도봉구 공원 입구 인근,37.682974,127.040807,재물손괴,2025-03-12
마포구,서울시 마포구 이면도로 인근,37.556824,126.915951,재물손괴,2025-04-16
강북구,서울시 강북구 이면도로 인근,37.654564,127.013732,주거침입,2025-02-12
성동구,서울시 성동구 이면도로 인근,37.554999,127.042018,절도,2025-04-16
구로구,서울시 구로구 상가 뒷편 인근,37.487544,126.883184,성범죄,2025-03-31
서대문구,서울시 서대문구 상가 뒷편 인근,37.571507,126.949122,폭행,2025-03-25
광진구,서울시 광진구 주차장 인근,37.549936,127.076198,재물손괴,2025-07-20
강북구,서울시 강북구 주차장 인근,37.646209,127.038945,주거침입,2025-05-20
관악구,서울시 관악구 지하보도 인근,37.479854,126.961224,절도,2025-08-18
강동구,서울시 강동구 이면도로 인근,37.516474,127.130381,소란,2025-10-25
강서구,서울시 강서구 골목길 인근,37.553712,126.852390,주거침입,2025-04-25
서대문구,서울시 서대문구 교차로 인근,37.587760,126.927719,소란,2025-08-06
양천구,서울시 양천구 이면도로 인근,37.521325,126.880301,절도,2025-11-09
마포구,서울시 마포구 지하보도 인근,37.555452,126.896693,성범죄,2025-04-19
마포구,서울시 마포구 공원 입구 인근,37.578760,126.897591,소란,2024-12-15
영등포구,서울시 영등포구 골목길 인근,37.527494,126.881251,폭행,2025-06-05
동작구,서울시 동작구 공원 입구 인근,37.499548,126.950194,소란,2025-03-19
은평구,서울시 은평구 이면도로 인근,37.593884,126.935673,성범죄,2025-09-07
광진구,서울시 광진구 지하보도 인근,37.544454,127.068356,절도,2025-01-28
강북구,서울시 강북구 공원 입구 인근,37.630385,127.025400,재물손괴,2025-06-16
양천구,서울시 양천구 상가 뒷편 인근,37.530860,126.862563,소란,2025-05-29
강북구,서울시 강북구 주차장 인근,37.649467,127.032830,폭행,2025-02-28
강북구,서울시 강북구 교차로 인근,37.640521,127.015369,성범죄,2025-08-05
구로구,서울시 구로구 공원 입구 인근,37.508710,126.898659,주거침입,2025-01-17
광진구,서울시 광진구 공원 입구 인근,37.528771,127.069579,재물손괴,2024-12-01
광진구,서울시 광진구 지하보도 인근,37.542016,127.077999,성범죄,2025-09-22
성동구,서울시 성동구 지하보도 인근,37.576037,127.027709,소란,2025-05-02
성동구,서울시 성동구 주차장 인근,37.551335,127.023228,절도,2025-05-26
성동구,서울시 성동구 골목길 인근,37.566443,127.044620,소란,2024-12-28
광진구,서울시 광진구 공원 입구 인근,37.527611,127.072790,소란,2025-10-05
마포구,서울시 마포구 지하보도 인근,37.571226,126.916224,성범죄,2025-07-10
강남구,서울시 강남구 공원 입구 인근,37.517136,127.049948,주거침입,2025-01-19
용산구,서울시 용산구 골목길 인근,37.525367,126.999586,소란,2025-11-13
송파구,서울시 송파구 골목길 인근,37.503913,127.099353,소란,2025-03-19
양천구,서울시 양천구 주차장 인근,37.515399,126.880900,성범죄,2025-09-23
강동구,서울시 강동구 지하보도 인근,37.525140,127.125708,재물손괴,2025-08-20
종로구,서울시 종로구 골목길 인근,37.571580,126.979501,소란,2025-02-04
도봉구,서울시 도봉구 교차로 인근,37.666984,127.058410,폭행,2025-01-10
광진구,서울시 광진구 주차장 인근,37.547890,127.070597,소란,2025-11-08
서대문구,서울시 서대문구 상가 뒷편 인근,37.564833,126.923227,폭행,2025-03-13
성동구,서울시 성동구 골목길 인근,37.578159,127.032147,절도,2025-10-12
서초구,서울시 서초구 이면도로 인근,37.490030,127.044558,성범죄,2025-09-26
도봉구,서울시 도봉구 상가 뒷편 인근,37.672962,127.037949,절도,2025-03-20
동작구,서울시 동작구 지하보도 인근,37.502810,126.938480,재물손괴,2024-12-18
동작구,서울시 동작구 골목길 인근,37.520511,126.936361,폭행,2025-10-26
구로구,서울시 구로구 지하보도 인근,37.503569,126.901404,절도,2025-08-11
서대문구,서울시 서대문구 지하보도 인근,37.586870,126.922512,성범죄,2025-04-21
구로구,서울시 구로구 골목길 인근,37.504988,126.878917,절도,2025-10-24
동대문구,서울시 동대문구 지하보도 인근,37.579553,127.037177,절도,2025-09-20
도봉구,서울시 도봉구 지하보도 인근,37.677753,127.052527,주거침입,2025-03-08
송파구,서울시 송파구 주차장 인근,37.524481,127.103043,폭행,2025-08-26
노원구,서울시 노원구 상가 뒷편 인근,37.645845,127.064546,주거침입,2025-09-29
성북구,서울시 성북구 지하보도 인근,37.598800,127.008134,소란,2025-03-20
종로구,서울시 종로구 골목길 인근,37.579479,126.974152,주거침입,2025-07-07
영등포구,서울시 영등포구 지하보도 인근,37.522175,126.893218,주거침입,2025-06-25
도봉구,서울시 도봉구 지하보도 인근,37.663516,127.038777,성범죄,2025-07-12
노원구,서울시 노원구 이면도로 인근,37.665236,127.070926,절도,2025-06-25
관악구,서울시 관악구 지하보도 인근,37.471608,126.955105,폭행,2025-09-14
영등포구,서울시 영등포구 공원 입구 인근,37.537002,126.898717,재물손괴,2025-05-23
서대문구,서울시 서대문구 주차장 인근,37.583077,126.931610,절도,2024-12-04
서초구,서울시 서초구 지하보도 인근,37.492301,127.040072,성범죄,2025-08-15
은평구,서울시 은평구 교차로 인근,37.597214,126.928272,재물손괴,2024-12-07
구로구,서울시 구로구 지하보도 인근,37.490795,126.895247,주거침입,2025-05-28
성북구,서울시 성북구 지하보도 인근,37.576895,127.015831,성범죄,2025-03-17
도봉구,서울시 도봉구 주차장 인근,37.666144,127.043890,폭행,2025-02-16
관악구,서울시 관악구 골목길 인근,37.464104,126.951820,폭행,2025-05-17
성동구,서울시 성동구 이면도로 인근,37.569834,127.046950,재물손괴,2025-08-29
은평구,서울시 은평구 지하보도 인근,37.605026,126.933895,주거침입,2025-08-29
강북구,서울시 강북구 지하보도 인근,37.641476,127.033216,재물손괴,2025-03-29
용산구,서울시 용산구 주차장 인근,37.537362,127.002059,폭행,2025-02-25
강남구,서울시 강남구 이면도로 인근,37.528297,127.054055,폭행,2024-12-18
강동구,서울시 강동구 상가 뒷편 인근,37.536231,127.128452,주거침입,2025-04-23
종로구,서울시 종로구 공원 입구 인근,37.567292,126.982716,폭행,2025-06-14
마포구,서울시 마포구 상가 뒷편 인근,37.579710,126.889628,폭행,2025-07-21
구로구,서울시 구로구 상가 뒷편 인근,37.493025,126.886702,재물손괴,2025-05-01
용산구,서울시 용산구 지하보도 인근,37.537088,126.986509,재물손괴,2025-08-07
서대문구,서울시 서대문구 공원 입구 인근,37.591233,126.937939,절도,2024-12-01
양천구,서울시 양천구 공원 입구 인근,37.522798,126.854608,재물손괴,2025-07-09
관악구,서울시 관악구 골목길 인근,37.488528,126.960593,성범죄,2024-12-11
성북구,서울시 성북구 골목길 인근,37.575617,127.026272,절도,2025-02-12
종로구,서울시 종로구 상가 뒷편 인근,37.558616,126.964886,폭행,2025-06-13
강동구,서울시 강동구 교차로 인근,37.526262,127.122575,성범죄,2025-01-18
송파구,서울시 송파구 공원 입구 인근,37.504211,127.111069,주거침입,2025-07-17
강남구,서울시 강남구 상가 뒷편 인근,37.513322,127.035241,성범죄,2025-03-24
용산구,서울시 용산구 상가 뒷편 인근,37.523554,126.980874,재물손괴,2024-12-26
노원구,서울시 노원구 상가 뒷편 인근,37.659108,127.065315,주거침입,2024-12-25
광진구,서울시 광진구 교차로 인근,37.547543,127.096057,성범죄,2025-10-28
광진구,서울시 광진구 골목길 인근,37.535672,127.086393,소란,2025-02-03
동대문구,서울시 동대문구 상가 뒷편 인근,37.583027,127.053661,절도,2025-06-15
중랑구,서울시 중랑구 교차로 인근,37.603622,127.081523,소란,2025-03-25
동대문구,서울시 동대문구 주차장 인근,37.579519,127.034293,재물손괴,2025-06-12
서초구,서울시 서초구 공원 입구 인근,37.481588,127.041132,성범죄,2025-02-18
서대문구,서울시 서대문구 지하보도 인근,37.587808,126.942788,절도,2024-11-27
중구,서울시 중구 골목길 인근,37.564508,126.994045,재물손괴,2025-03-03
서대문구,서울시 서대문구 교차로 인근,37.577399,126.922405,재물손괴,2025-03-14
중구,서울시 중구 주차장 인근,37.566128,126.994140,성범죄,2025-10-04
관악구,서울시 관악구 이면도로 인근,37.470507,126.946074,재물손괴,2025-07-08
종로구,서울시 종로구 주차장 인근,37.572640,126.990860,재물손괴,2025-05-18
양천구,서울시 양천구 교차로 인근,37.518659,126.867781,재물손괴,2025-09-21
은평구,서울시 은평구 이면도로 인근,37.598503,126.930315,절도,2025-10-02
성동구,서울시 성동구 교차로 인근,37.554464,127.029763,폭행,2024-12-09
강북구,서울시 강북구 교차로 인근,37.629570,127.018584,성범죄,2025-03-06
은평구,서울시 은평구 공원 입구 인근,37.592051,126.930389,폭행,2025-01-24
중랑구,서울시 중랑구 교차로 인근,37.595626,127.092877,폭행,2025-01-08
강남구,서울시 강남구 교차로 인근,37.504215,127.045996,폭행,2025-09-26
용산구,서울시 용산구 공원 입구 인근,37.527745,126.993868,절도,2025-02-19
양천구,서울시 양천구 공원 입구 인근,37.505725,126.858071,성범죄,2025-05-14
양천구,서울시 양천구 주차장 인근,37.512820,126.879745,성범죄,2025-04-13
성북구,서울시 성북구 교차로 인근,37.603029,127.024788,성범죄,2025-08-15
마포구,서울시 마포구 골목길 인근,37.555816,126.897927,성범죄,2025-03-28
노원구,서울시 노원구 이면도로 인근,37.639305,127.043267,폭행,2025-05-19
성동구,서울시 성동구 교차로 인근,37.572060,127.050302,소란,2025-07-12
종로구,서울시 종로구 주차장 인근,37.579198,126.989293,절도,2025-04-03
도봉구,서울시 도봉구 지하보도 인근,37.683471,127.052459,소란,2025-08-27
관악구,서울시 관악구 주차장 인근,37.476142,126.950477,절도,2025-05-31
송파구,서울시 송파구 공원 입구 인근,37.517320,127.102061,주거침입,2025-05-17
송파구,서울시 송파구 공원 입구 인근,37.519445,127.108824,주거침입,2025-04-29
은평구,서울시 은평구 이면도로 인근,37.592842,126.928736,절도,2024-12-29
도봉구,서울시 도봉구 주차장 인근,37.654544,127.046213,폭행,2025-05-27
은평구,서울시 은평구 골목길 인근,37.613526,126.934072,소란,2025-03-27
성동구,서울시 성동구 지하보도 인근,37.555138,127.031628,재물손괴,2025-08-11
노원구,서울시 노원구 지하보도 인근,37.653920,127.051237,성범죄,2025-05-05
구로구,서울시 구로구 지하보도 인근,37.494007,126.894962,소란,2025-02-08
송파구,서울시 송파구 지하보도 인근,37.510782,127.113553,절도,2024-12-15
영등포구,서울시 영등포구 이면도로 인근,37.533800,126.894478,폭행,2025-08-24
강남구,서울시 강남구 이면도로 인근,37.513925,127.036860,재물손괴,2024-12-11
영등포구,서울시 영등포구 이면도로 인근,37.538989,126.910077,주거침입,2024-12-17
양천구,서울시 양천구 주차장 인근,37.519019,126.855240,주거침입,2025-09-16
노원구,서울시 노원구 교차로 인근,37.647836,127.047209,성범죄,2025-05-16
중구,서울시 중구 지하보도 인근,37.550078,126.985222,폭행,2025-08-02
도봉구,서울시 도봉구 공원 입구 인근,37.653943,127.046038,소란,2025-09-22
마포구,서울시 마포구 이면도로 인근,37.561358,126.895748,소란,2025-02-26
동대문구,서울시 동대문구 골목길 인근,37.569140,127.048323,절도,2025-11-04
마포구,서울시 마포구 이면도로 인근,37.568201,126.909391,절도,2025-01-16
양천구,서울시 양천구 공원 입구 인근,37.509779,126.871761,폭행,2025-04-05
노원구,서울시 노원구 지하보도 인근,37.661839,127.053804,절도,2025-11-05
구로구,서울시 구로구 주차장 인근,37.483364,126.893432,재물손괴,2025-10-03
서초구,서울시 서초구 공원 입구 인근,37.471890,127.021258,성범죄,2025-08-09
종로구,서울시 종로구 주차장 인근,37.563931,126.966187,성범죄,2025-03-08
동작구,서울시 동작구 주차장 인근,37.523832,126.925411,절도,2025-04-26
서대문구,서울시 서대문구 지하보도 인근,37.568331,126.949491,성범죄,2025-07-15
동대문구,서울시 동대문구 주차장 인근,37.579818,127.029297,소란,2025-02-16
중구,서울시 중구 골목길 인근,37.558223,127.010426,재물손괴,2025-06-28
동대문구,서울시 동대문구 지하보도 인근,37.577993,127.033165,소란,2025-10-03
도봉구,서울시 도봉구 지하보도 인근,37.668231,127.032582,소란,2025-05-07
관악구,서울시 관악구 주차장 인근,37.478096,126.950502,주거침입,2025-07-22
강남구,서울시 강남구 상가 뒷편 인근,37.506488,127.046793,재물손괴,2025-09-10
강남구,서울시 강남구 골목길 인근,37.529093,127.045998,성범죄,2025-09-22
종로구,서울시 종로구 주차장 인근,37.571875,126.965114,성범죄,2024-11-26
종로구,서울시 종로구 공원 입구 인근,37.569220,126.973080,주거침입,2025-11-02
동작구,서울시 동작구 주차장 인근,37.501863,126.953265,절도,2025-03-23
영등포구,서울시 영등포구 골목길 인근,37.522882,126.897491,주거침입,2025-01-25
광진구,서울시 광진구 골목길 인근,37.540466,127.077616,폭행,2025-07-12
노원구,서울시 노원구 이면도로 인근,37.663151,127.049573,절도,2025-08-22
영등포구,서울시 영등포구 교차로 인근,37.527506,126.902171,재물손괴,2025-04-18
도봉구,서울시 도봉구 공원 입구 인근,37.663261,127.033736,주거침입,2025-03-04
양천구,서울시 양천구 공원 입구 인근,37.518037,126.856129,성범죄,2025-09-29
은평구,서울시 은평구 지하보도 인근,37.597590,126.919415,성범죄,2025-08-27
관악구,서울시 관악구 골목길 인근,37.481961,126.963239,주거침입,2024-12-06
영등포구,서울시 영등포구 공원 입구 인근,37.521749,126.899085,주거침입,2025-10-10
서초구,서울시 서초구 상가 뒷편 인근,37.497151,127.033387,재물손괴,2024-12-01
종로구,서울시 종로구 주차장 인근,37.581180,126.982570,주거침입,2025-07-31
영등포구,서울시 영등포구 주차장 인근,37.532784,126.895188,소란,2025-08-25
관악구,서울시 관악구 골목길 인근,37.488809,126.953458,주거침입,2025-03-26
성동구,서울시 성동구 교차로 인근,37.573066,127.028259,소란,2025-08-03
성동구,서울시 성동구 이면도로 인근,37.548804,127.049357,재물손괴,2024-12-30
강서구,서울시 강서구 이면도로 인근,37.565507,126.862469,주거침입,2025-10-24
강서구,서울시 강서구 공원 입구 인근,37.564998,126.850925,성범죄,2025-08-23
은평구,서울시 은평구 골목길 인근,37.605193,126.941402,주거침입,2025-02-24
성북구,서울시 성북구 이면도로 인근,37.578058,127.014227,절도,2025-03-24
광진구,서울시 광진구 골목길 인근,37.551553,127.082766,절도,2025-08-10
은평구,서울시 은평구 상가 뒷편 인근,37.589782,126.932425,절도,2025-09-15
금천구,서울시 금천구 이면도로 인근,37.454569,126.892433,재물손괴,2024-12-08
마포구,서울시 마포구 상가 뒷편 인근,37.573167,126.893785,폭행,2025-11-04
강서구,서울시 강서구 주차장 인근,37.563865,126.836579,성범죄,2025-04-22
영등포구,서울시 영등포구 주차장 인근,37.518996,126.898648,소란,2024-12-14
강서구,서울시 강서구 주차장 인근,37.546711,126.857777,재물손괴,2025-09-27
영등포구,서울시 영등포구 상가 뒷편 인근,37.519587,126.883083,절도,2025-04-26
마포구,서울시 마포구 골목길 인근,37.577299,126.897323,재물손괴,2025-05-11
구로구,서울시 구로구 주차장 인근,37.494844,126.875204,주거침입,2025-05-06
강북구,서울시 강북구 상가 뒷편 인근,37.640024,127.020429,폭행,2025-07-18
동대문구,서울시 동대문구 상가 뒷편 인근,37.573570,127.027643,재물손괴,2025-02-16
중랑구,서울시 중랑구 상가 뒷편 인근,37.603701,127.097688,재물손괴,2025-10-16
금천구,서울시 금천구 상가 뒷편 인근,37.465705,126.885225,주거침입,2025-01-31
은평구,서울시 은평구 상가 뒷편 인근,37.613966,126.931029,폭행,2025-10-07
송파구,서울시 송파구 상가 뒷편 인근,37.510203,127.092183,폭행,2025-06-03
양천구,서울시 양천구 주차장 인근,37.505935,126.858745,절도,2025-05-11
금천구,서울시 금천구 공원 입구 인근,37.460923,126.889708,성범죄,2025-02-01
양천구,서울시 양천구 상가 뒷편 인근,37.525106,126.868202,절도,2025-03-20
강동구,서울시 강동구 주차장 인근,37.528466,127.113025,재물손괴,2025-10-28
금천구,서울시 금천구 골목길 인근,37.467962,126.891378,재물손괴,2024-11-27
동작구,서울시 동작구 지하보도 인근,37.499852,126.944827,성범죄,2025-07-27
동대문구,서울시 동대문구 교차로 인근,37.581192,127.045436,소란,2025-10-19
강동구,서울시 강동구 교차로 인근,37.517440,127.108917,폭행,2025-06-08
성동구,서울시 성동구 주차장 인근,37.554138,127.039453,주거침입,2025-05-22
성동구,서울시 성동구 주차장 인근,37.576731,127.023231,절도,2025-06-01
성북구,서울시 성북구 공원 입구 인근,37.603375,127.031022,재물손괴,2025-01-09
강남구,서울시 강남구 골목길 인근,37.518791,127.037396,절도,2025-03-30
은평구,서울시 은평구 골목길 인근,37.590399,126.927026,폭행,2025-04-15
관악구,서울시 관악구 골목길 인근,37.479386,126.947668,재물손괴,2025-02-27
중랑구,서울시 중랑구 주차장 인근,37.599180,127.077841,재물손괴,2025-05-28
양천구,서울시 양천구 주차장 인근,37.529452,126.870639,재물손괴,2025-01-10
양천구,서울시 양천구 주차장 인근,37.514497,126.867243,폭행,2025-03-07
구로구,서울시 구로구 공원 입구 인근,37.494048,126.885783,성범죄,2025-03-04
관악구,서울시 관악구 공원 입구 인근,37.492220,126.963312,폭행,2025-01-26
은평구,서울시 은평구 골목길 인근,37.591448,126.943157,절도,2025-04-23
금천구,서울시 금천구 주차장 인근,37.469421,126.909238,소란,2025-04-02
서대문구,서울시 서대문구 이면도로 인근,37.568731,126.940581,재물손괴,2025-01-14
성동구,서울시 성동구 주차장 인근,37.558759,127.040400,소란,2025-11-03
송파구,서울시 송파구 골목길 인근,37.522684,127.097949,소란,2025-04-20
양천구,서울시 양천구 주차장 인근,37.521577,126.873645,폭행,2025-05-26
강북구,서울시 강북구 지하보도 인근,37.652641,127.012581,폭행,2024-12-28
성동구,서울시 성동구 골목길 인근,37.556032,127.047370,재물손괴,2025-08-11
강북구,서울시 강북구 교차로 인근,37.649980,127.011685,소란,2024-12-10
영등포구,서울시 영등포구 공원 입구 인근,37.532532,126.885505,절도,2024-12-25
성북구,서울시 성북구 지하보도 인근,37.583602,127.015215,절도,2025-07-25
양천구,서울시 양천구 지하보도 인근,37.505822,126.871721,소란,2025-09-11
영등포구,서울시 영등포구 교차로 인근,37.538746,126.904561,성범죄,2024-11-26
강동구,서울시 강동구 지하보도 인근,37.523497,127.134104,소란,2025-11-14
중구,서울시 중구 지하보도 인근,37.566313,126.984107,소란,2025-07-21
강서구,서울시 강서구 공원 입구 인근,37.565257,126.852039,성범죄,2025-09-11
강남구,서울시 강남구 이면도로 인근,37.529508,127.059818,소란,2025-09-09
동작구,서울시 동작구 지하보도 인근,37.501312,126.950837,성범죄,2025-05-25
광진구,서울시 광진구 이면도로 인근,37.550268,127.093330,절도,2024-12-17
서초구,서울시 서초구 주차장 인근,37.477002,127.035093,재물손괴,2025-05-04
강남구,서울시 강남구 교차로 인근,37.517666,127.034369,폭행,2024-12-05
동대문구,서울시 동대문구 상가 뒷편 인근,37.572160,127.052092,소란,2025-02-11
양천구,서울시 양천구 주차장 인근,37.515472,126.873432,성범죄,2025-05-15
중구,서울시 중구 주차장 인근,37.571718,126.997379,재물손괴,2025-04-19
구로구,서울시 구로구 주차장 인근,37.507734,126.872920,재물손괴,2025-11-02
강서구,서울시 강서구 이면도로 인근,37.562614,126.837158,성범죄,2025-06-19
용산구,서울시 용산구 이면도로 인근,37.524768,126.997875,소란,2025-10-24
금천구,서울시 금천구 공원 입구 인근,37.469842,126.893636,성범죄,2025-02-01
구로구,서울시 구로구 교차로 인근,37.505029,126.877552,절도,2025-02-10
중랑구,서울시 중랑구 교차로 인근,37.606881,127.078791,절도,2025-09-26
서초구,서울시 서초구 지하보도 인근,37.490580,127.037522,폭행,2025-05-10
성동구,서울시 성동구 공원 입구 인근,37.571919,127.032228,재물손괴,2025-06-02
금천구,서울시 금천구 골목길 인근,37.454423,126.903899,절도,2025-04-29
영등포구,서울시 영등포구 교차로 인근,37.520664,126.895481,재물손괴,2025-01-15
중구,서울시 중구 골목길 인근,37.560815,126.984733,성범죄,2025-05-24
서대문구,서울시 서대문구 주차장 인근,37.582058,126.927668,주거침입,2025-05-12
동대문구,서울시 동대문구 주차장 인근,37.583256,127.035152,주거침입,2025-08-27
강서구,서울시 강서구 지하보도 인근,37.554513,126.840194,소란,2025-04-28
성동구,서울시 성동구 공원 입구 인근,37.568894,127.046158,성범죄,2025-06-04
도봉구,서울시 도봉구 교차로 인근,37.666173,127.034435,절도,2025-06-08
송파구,서울시 송파구 지하보도 인근,37.519318,127.111196,소란,2025-01-09
종로구,서울시 종로구 상가 뒷편 인근,37.565545,126.967003,소란,2025-01-28
양천구,서울시 양천구 지하보도 인근,37.503350,126.873232,폭행,2025-03-23
동대문구,서울시 동대문구 교차로 인근,37.585266,127.053576,재물손괴,2025-03-18
중구,서울시 중구 지하보도 인근,37.558170,126.990768,성범죄,2025-05-05
중랑구,서울시 중랑구 지하보도 인근,37.602095,127.088461,성범죄,2025-05-11
은평구,서울시 은평구 공원 입구 인근,37.595175,126.930478,소란,2025-01-23
양천구,서울시 양천구 주차장 인근,37.528533,126.861805,주거침입,2025-11-21
양천구,서울시 양천구 교차로 인근,37.503184,126.860807,주거침입,2025-06-03
용산구,서울시 용산구 지하보도 인근,37.521341,127.002336,성범죄,2025-04-18
성동구,서울시 성동구 교차로 인근,37.558404,127.050935,재물손괴,2024-12-09
은평구,서울시 은평구 골목길 인근,37.611863,126.924379,재물손괴,2025-01-20
양천구,서울시 양천구 교차로 인근,37.513178,126.857280,절도,2025-11-08
성북구,서울시 성북구 공원 입구 인근,37.588082,127.026336,절도,2025-02-28
서대문구,서울시 서대문구 골목길 인근,37.565506,126.934927,절도,2025-08-22
도봉구,서울시 도봉구 이면도로 인근,37.668099,127.036887,재물손괴,2025-09-20
금천구,서울시 금천구 주차장 인근,37.442607,126.882976,절도,2025-02-09
중구,서울시 중구 주차장 인근,37.570648,126.983120,폭행,2025-11-12
양천구,서울시 양천구 지하보도 인근,37.522958,126.865212,주거침입,2025-11-17
송파구,서울시 송파구 상가 뒷편 인근,37.504819,127.091812,폭행,2025-04-07
노원구,서울시 노원구 골목길 인근,37.643896,127.070604,소란,2025-04-08
강북구,서울시 강북구 공원 입구 인근,37.625176,127.021763,성범죄,2025-10-03
마포구,서울시 마포구 교차로 인근,37.575191,126.905131,소란,2025-01-22
관악구,서울시 관악구 주차장 인근,37.483120,126.961766,주거침입,2025-08-09
양천구,서울시 양천구 상가 뒷편 인근,37.504799,126.858328,재물손괴,2025-03-09
서대문구,서울시 서대문구 교차로 인근,37.565219,126.924032,주거침입,2025-06-19
동대문구,서울시 동대문구 상가 뒷편 인근,37.577121,127.030463,성범죄,2025-10-25
중랑구,서울시 중랑구 공원 입구 인근,37.598848,127.105336,절도,2025-05-11
은평구,서울시 은평구 골목길 인근,37.600179,126.943000,소란,2025-03-10
관악구,서울시 관악구 주차장 인근,37.474952,126.945221,성범죄,2025-06-13
서초구,서울시 서초구 상가 뒷편 인근,37.472089,127.043653,소란,2025-09-17
강북구,서울시 강북구 주차장 인근,37.629910,127.021448,절도,2025-10-14
중랑구,서울시 중랑구 공원 입구 인근,37.614500,127.092272,절도,2025-07-08
금천구,서울시 금천구 주차장 인근,37.451408,126.898409,성범죄,2025-03-27
도봉구,서울시 도봉구 이면도로 인근,37.678339,127.043231,절도,2025-08-14
서초구,서울시 서초구 교차로 인근,37.491420,127.019449,성범죄,2025-09-13
서초구,서울시 서초구 이면도로 인근,37.488168,127.028392,절도,2025-07-22
관악구,서울시 관악구 공원 입구 인근,37.490801,126.953059,절도,2025-05-23
광진구,서울시 광진구 지하보도 인근,37.529785,127.093353,폭행,2025-07-16
강남구,서울시 강남구 공원 입구 인근,37.504227,127.057507,절도,2024-11-29
도봉구,서울시 도봉구 공원 입구 인근,37.671269,127.053101,폭행,2025-06-15
중구,서울시 중구 공원 입구 인근,37.550329,127.006292,주거침입,2025-02-18
도봉구,서울시 도봉구 교차로 인근,37.678844,127.053046,소란,2025-05-28
중랑구,서울시 중랑구 골목길 인근,37.619600,127.080013,폭행,2025-09-29
강동구,서울시 강동구 골목길 인근,37.522660,127.134270,소란,2025-05-05
서대문구,서울시 서대문구 공원 입구 인근,37.567822,126.936090,소란,2025-02-03
강서구,서울시 강서구 이면도로 인근,37.543724,126.847729,소란,2024-12-24
은평구,서울시 은평구 상가 뒷편 인근,37.594955,126.924129,성범죄,2024-12-20
서초구,서울시 서초구 지하보도 인근,37.469714,127.023589,성범죄,2025-03-03
마포구,서울시 마포구 상가 뒷편 인근,37.561486,126.891891,절도,2025-09-04
종로구,서울시 종로구 골목길 인근,37.570579,126.970979,폭행,2025-03-01
서초구,서울시 서초구 교차로 인근,37.473192,127.037716,절도,2025-07-14
금천구,서울시 금천구 상가 뒷편 인근,37.470990,126.894277,재물손괴,2025-06-25
성동구,서울시 성동구 공원 입구 인근,37.575420,127.029845,성범죄,2025-11-02
강서구,서울시 강서구 이면도로 인근,37.555090,126.841831,절도,2025-08-01
서초구,서울시 서초구 상가 뒷편 인근,37.496139,127.029374,성범죄,2025-05-15
노원구,서울시 노원구 주차장 인근,37.657725,127.045096,재물손괴,2025-06-13
관악구,서울시 관악구 공원 입구 인근,37.474212,126.945725,소란,2025-11-17
용산구,서울시 용산구 상가 뒷편 인근,37.537163,126.990594,주거침입,2025-08-25
중랑구,서울시 중랑구 지하보도 인근,37.611991,127.083725,성범죄,2025-03-02
종로구,서울시 종로구 지하보도 인근,37.564843,126.965100,주거침입,2025-03-21
강서구,서울시 강서구 공원 입구 인근,37.550523,126.843264,절도,2025-04-23
